{"cameraMode":{"drawMode":0,"name":"Shaded","section":"Shading Mode"},"sceneLighting":true,"audioPlay":false,"sceneViewState":{"showFog":true,"showMaterialUpdate":false,"showSkybox":true,"showFlares":false,"showImageEffects":false,"showParticleSystems":false},"in2DMode":false,"pivot":{"x":-13.101179122924805,"y":7.101998329162598,"z":11.651680946350098},"rotation":{"x":-0.08372896164655686,"y":0.8976629376411438,"z":-0.19447973370552064,"w":-0.3864821195602417},"size":7.0568742752075199,"orthographic":false}