{"cameraMode":{"drawMode":0,"name":"Shaded","section":"Shading Mode"},"sceneLighting":false,"audioPlay":false,"sceneViewState":{"showFog":true,"showMaterialUpdate":false,"showSkybox":false,"showFlares":false,"showImageEffects":false,"showParticleSystems":false},"in2DMode":false,"pivot":{"x":-17.130495071411134,"y":3.4000000953674318,"z":9.20306396484375},"rotation":{"x":-0.10064807534217835,"y":0.880163311958313,"z":-0.21572043001651765,"w":-0.41066670417785647},"size":0.5715875625610352,"orthographic":false}