{"cameraMode":{"drawMode":0,"name":"Shaded","section":"Shading Mode"},"sceneLighting":true,"audioPlay":false,"sceneViewState":{"showFog":true,"showMaterialUpdate":false,"showSkybox":true,"showFlares":false,"showImageEffects":false,"showParticleSystems":false},"in2DMode":false,"pivot":{"x":-5.834023475646973,"y":2.9116134643554689,"z":22.724206924438478},"rotation":{"x":-0.01815234124660492,"y":-0.9717852473258972,"z":0.2212425172328949,"w":-0.07972311228513718},"size":20.82337188720703,"orthographic":false}