{"cameraMode":{"drawMode":0,"name":"Shaded","section":"Shading Mode"},"sceneLighting":true,"audioPlay":false,"sceneViewState":{"showFog":true,"showMaterialUpdate":false,"showSkybox":true,"showFlares":false,"showImageEffects":false,"showParticleSystems":false},"in2DMode":false,"pivot":{"x":0.21233463287353517,"y":-1.1924066543579102,"z":14.19933795928955},"rotation":{"x":0.08843022584915161,"y":0.9083003997802734,"z":-0.24586121737957,"w":0.32668453454971316},"size":22.0,"orthographic":false}