{"cameraMode":{"drawMode":0,"name":"Shaded","section":"Shading Mode"},"sceneLighting":true,"audioPlay":false,"sceneViewState":{"showFog":true,"showMaterialUpdate":false,"showSkybox":true,"showFlares":false,"showImageEffects":false,"showParticleSystems":false},"in2DMode":false,"pivot":{"x":0.2247791290283203,"y":6.961698532104492,"z":25.930805206298829},"rotation":{"x":0.03291226550936699,"y":0.6599037647247315,"z":-0.028953006491065027,"w":0.7500702738761902},"size":22.0,"orthographic":false}