{"cameraMode":{"drawMode":0,"name":"Shaded","section":"Shading Mode"},"sceneLighting":true,"audioPlay":false,"sceneViewState":{"showFog":true,"showMaterialUpdate":false,"showSkybox":true,"showFlares":false,"showImageEffects":false,"showParticleSystems":false},"in2DMode":false,"pivot":{"x":-12.092743873596192,"y":6.2703752517700199,"z":11.358169555664063},"rotation":{"x":-0.08968562632799149,"y":0.9096746444702148,"z":-0.2683442533016205,"w":-0.30403950810432436},"size":7.104195594787598,"orthographic":false}