{"cameraMode":{"drawMode":0,"name":"Shaded","section":"Shading Mode"},"sceneLighting":true,"audioPlay":false,"sceneViewState":{"showFog":true,"showMaterialUpdate":false,"showSkybox":true,"showFlares":false,"showImageEffects":false,"showParticleSystems":false},"in2DMode":false,"pivot":{"x":-11.3048095703125,"y":2.0817337036132814,"z":20.376434326171876},"rotation":{"x":-0.22922933101654054,"y":0.3309415876865387,"z":-0.08322151005268097,"w":-0.9115951657295227},"size":7.650976657867432,"orthographic":false}